"","kg_km2","X","Y","X.utm","Y.utm","month","year","depth","CHL","TMP_sst","TMP_bot","dox.bot","nit","pho","sal","poc"
"20939",7.4857639007538,13.3848333333333,45.1200833333333,372.963806802815,4997.56110165838,7,2018,36,0.224063713242698,26.043628692627,19.7076511383057,239.657623291016,0.0133786902322617,0.0185427601894481,38.5887487956491,23.537425994873
"21018",11.4592284295407,13.4063333333333,45.3648333333333,375.191855269828,5024.71169311757,7,2018,26.5,0.128789250160818,25.9431304931641,22.9974632263184,245.417541503906,0.177280979479101,0.0154123563172064,38.6223910843856,17.8039894104004
"21019",10.8605994315596,13.4350833333333,45.1739166666667,377.035672671211,5003.45993121712,7,2018,32,0.169480277030436,25.9662399291992,21.7458782196045,237.668228149414,0.0192409504119377,0.0149958317961728,38.5966815862455,23.2143421173096
"31558",13.6624208959532,12.831,44.0415,326.222157288896,4878.76937165519,8,2018,13.5,0.191076432540355,28.1613636016846,28.8835315704346,203.521377563477,2.56200806224419,0.0362159898102739,35.9555297745251,23.7169342041016
"31723",7.45240596219902,15.1115,42.0248333333333,509.230579011487,4652.53575909549,8,2018,24.5,0.125584094914971,28.0417861938477,24.0994129180908,235.758651733398,1.15764926237958,0.0149591506760388,37.1873182186821,15.1280012130737
"32206",11.2129231664231,14.8819166666667,42.1195833333333,490.237574554334,4663.06216257233,8,2018,21.5,0.126853918611904,28.0866050720215,21.3216228485107,233.944595336914,1.4257461206217,0.0165692001896441,37.1132240737865,14.5632820129395
"32834",8.74538646371108,14.4488333333333,42.3923333333333,454.632318647928,4693.48146863565,8,2018,22.5,0.0871999294962161,27.8902263641357,27.6499843597412,187.429733276367,1.91920720549359,0.0126614046937143,36.4213626230464,8.78484058380127
"32835",9.36796744281649,14.0683333333333,42.7909166666667,423.801397955486,4738.01591175954,8,2018,17,0.133999242654288,27.9536972045898,26.1742115020752,221.077941894531,1.97086607416289,0.017333703467091,36.3890700509937,14.9995355606079
"32958",10.8920419748426,13.9429166666667,43.22575,414.15339309605,4786.43240355272,8,2018,20,0.150981884397101,27.8244667053223,21.2844543457031,241.337921142578,1.13758167667831,0.0201060322234042,37.3759326933199,18.4252433776855
"32959",9.86792387414053,13.8300833333333,43.3665833333333,405.211861338683,4802.19095839257,8,2018,14.5,0.149093473759389,28.1165351867676,28.2882518768311,175.45622253418,2.6384767493207,0.0151713026392023,35.5413972203229,13.337700843811
"32990",11.3969054982086,13.80825,43.5001666666667,403.649672165052,4817.05343545247,8,2018,19.5,0.151930947672976,27.8859043121338,22.176441192627,238.608764648438,1.63451379694835,0.0227714969594689,36.711288740723,18.6475505828857
"33009",9.65996210779662,13.2755833333333,44.45975,362.819494528371,4924.38996926707,8,2018,47.5,0.188962763291422,27.4154529571533,16.1845588684082,232.915054321289,0.0125850020944955,0.0192572754798977,38.660600401336,14.5449438095093
"33018",10.2984789884118,12.3999166666667,44.6855,293.953502585032,4951.30323295432,8,2018,16,0.716476838487587,28.0244903564453,26.1255149841309,426.693511962891,9.65238059969111,0.165063636534471,35.9877918799729,152.468673706055
"33020",12.0007535010168,13.5679166666667,45.6463333333333,388.404981426593,5055.74754951148,8,2018,19,0.224997435603956,27.796573638916,27.4131031036377,230.85432434082,3.85429811573729,0.0558484939530204,38.4583249893607,22.7677745819092
"33021",11.2873255225955,13.19375,45.52975,358.962229454868,5043.39386777608,8,2018,19,0.172367983065498,27.7101554870605,24.8605785369873,241.470733642578,0.815374186182682,0.0323134561740203,38.5220147026303,23.1555652618408
"33022",10.6185171478537,13.06575,45.3905,348.594858120775,5028.151176744,8,2018,26,0.194677091304143,27.6377029418945,22.6868419647217,229.09391784668,0.061613656890199,0.0269551615097048,38.5524356064544,27.2879276275635
"33023",8.00372049056939,12.943,45.2675833333333,338.633639018362,5014.73628877694,8,2018,28.5,0.255611020211359,27.7211952209473,21.292552947998,217.166320800781,0.0867061701846632,0.0347305200231391,38.5565798135882,34.9042358398438
"33108",9.71072969088403,12.77775,45.2145,325.511635026688,5009.18129050287,8,2018,25,0.270134185764032,27.8346214294434,22.0336112976074,205.143264770508,0.331182828586042,0.0424374301347805,38.5458968181201,38.0783767700195
"33109",8.02292840918325,12.527,45.1484166666667,305.593794287502,5002.41122705406,8,2018,23,0.293408516327453,27.8685417175293,25.3965606689453,172.785446166992,1.68471412049474,0.0834627944084248,37.9780391575728,36.2365989685059
"33110",9.57421624305329,12.5895833333333,45.04525,310.173376360479,4990.80918584038,8,2018,27,0.344047641601584,27.797794342041,24.4295768737793,169.066314697266,1.16986712603022,0.0793479070312047,37.6620209877639,39.8849601745605
"33111",12.7904416696901,12.759,45.0819166666667,323.626790453074,4994.49159933794,8,2018,29.5,0.301601151284482,27.9775333404541,21.5411777496338,201.550552368164,0.626103071786371,0.0702973739548946,38.517204490269,40.2570152282715
"33115",13.390146943696,12.5419166666667,44.7928333333333,305.566621640895,4962.8729416824,8,2018,22.5,0.47748735035868,27.79319190979,23.723596572876,175.349014282227,1.26728969775213,0.0885824679698659,36.7105288282181,71.9546051025391
"33228",7.25083390531219,12.6649166666667,44.205,313.429735141814,4897.29365495887,8,2018,16.5,0.260776847900085,28.1503105163574,25.3485431671143,235.314834594727,1.88903615150753,0.0420397421605861,36.9011754638573,34.9057312011719
"54718",11.0950136429011,16.2233333333333,41.5803333333333,601.974723241974,4603.90165952821,7,2018,18,0.102950223159417,26.1758880615234,24.3215236663818,197.624771118164,1.35876702356327,0.0114367660704132,36.881926725466,14.674919128418
"54832",13.7457113826749,16.1566666666667,41.7124166666667,596.226043254548,4618.491481622,7,2018,10,0.139504610866863,26.5585708618164,26.2599029541016,181.788833618164,1.62038516577812,0.00992612066672054,36.3721104999283,12.6310777664185
"55195",10.4307642104531,17.85925,41.0411666666667,740.327224228138,4547.26971353687,7,2018,597.5,0.079094107270449,25.6084651947021,13.7848863601685,216.187210083008,1.41457604347433,0.115320746398554,38.8029648559311,0.589998245239258
"55494",12.4402587250928,18.4091666666667,40.77275,787.72648679344,4519.13005422916,7,2018,565,0.0841952174766387,25.7644500732422,13.9187650680542,215.755599975586,1.35371899049568,0.111091449030171,38.8025979584782,0.106408208608627
"55529",12.1056470020165,18.77525,40.9906666666667,817.577145372574,4544.59278238288,7,2018,555,0.0750614459064694,25.852502822876,13.9327087402344,215.967620849609,1.52443832436493,0.114310675550463,38.8273595822846,0.100200071930885
"55662",9.51880952352379,18.7471666666667,41.0705833333333,814.83979060165,4553.36354152326,7,2018,595.5,0.0743153555602711,25.86012840271,14.0107078552246,216.15869140625,1.48544836917401,0.112271577703079,38.8276581178094,0.126052930951118
"55675",9.67144640793001,18.4683333333333,40.2463333333333,795.016706884419,4460.86744240702,7,2018,41,0.125124844676981,25.7653045654297,15.7540645599365,225.871047973633,0.222071372603379,0.0156151090780586,38.0393054346041,17.0058174133301
"55722",12.4413239846127,18.6156666666667,40.61225,805.89205740937,4502.00737002732,7,2018,582.5,0.0796266328358728,25.8113651275635,13.8063135147095,214.812454223633,1.52165266754711,0.115482426346199,38.811625651465,0.0411210246384144
"65279",7.32411120357464,16.9075833333333,39.8085833333333,663.29138343975,4408.25472173317,8,2018,533.5,0.0390674552223049,27.807804107666,13.9669342041016,205.758071899414,1.7234478326548,0.106276095977322,38.8062788521798,0.0262049492448568
"65400",11.4788561482795,16.8006666666667,40.1885833333333,653.287772393391,4450.24499145607,8,2018,39,0.132095211972601,27.7903614044189,14.8148326873779,210.486312866211,0.343928274422324,0.050995089684826,38.7310943680457,4.92102527618408
"65401",9.61121265744799,16.8049166666667,40.2306666666667,653.550253738203,4454.9255023488,8,2018,27,0.159277143614661,27.7424640655518,15.8914108276367,219.618194580078,0.0384230248087021,0.0229104193865571,38.6960149258412,11.2118444442749
"65404",7.41081526594022,17.5321666666667,40.1201666666667,715.780410987291,4444.17209206244,8,2018,526.5,0.0641866179884807,27.6850833892822,14.0717363357544,205.928848266602,1.75919308583884,0.109051087938241,38.8320651253223,0.0334747917950153
"65421",11.6839021384449,17.64,39.9935,725.385001646561,4430.37429828293,8,2018,553.5,0.0611738030210005,27.7344131469727,13.9428396224976,203.337066650391,1.97397288973766,0.114656181072765,38.8302801928694,0.0131060183048248
"65423",9.87758027298632,17.654,39.8875,726.930553367698,4418.64273348202,8,2018,586,0.0533465614964298,27.730712890625,13.7233333587646,199.461685180664,2.15758187622494,0.118563672377001,38.8250433591885,0.00329104345291853
"65424",7.45130025640839,15.1194166666667,37.39175,510.568986383102,4138.34414556361,8,2018,14,0.0576427160092899,27.6491069793701,17.1067962646484,222.144409179688,0.0152562985283806,0.0157009513606958,38.5236883003256,3.87254762649536
"65554",11.6509250600735,17.6834166666667,39.8404166666667,729.60180349727,4413.48933576718,8,2018,624.5,0.0537298869235942,27.752872467041,13.6847038269043,198.935348510742,2.16146883428916,0.118685815289069,38.8237322439733,0.00223937560804188
"65603",14.4722764696365,17.3908333333333,39.1253333333333,706.670278332757,4333.4031738317,8,2018,605.5,0.0542562398305288,27.8646392822266,13.9960823059082,203.838928222656,1.72371606909831,0.102775567177292,38.8175893221807,0.0638023391366005
"65610",11.0431455948748,16.77,38.3923333333333,654.57546225083,4250.82604204221,8,2018,588,0.068258035252471,28.0535545349121,13.9601402282715,203.403045654297,1.97909823844129,0.111490186268489,38.8212095868319,0.033430814743042
"65612",9.04010276126685,16.84025,38.33,660.844413423314,4244.032474544,8,2018,713.5,0.069367403442177,28.0790672302246,13.6570873260498,200.629821777344,2.25611170142878,0.119213771605128,38.8194628969955,0.0029140601400286
"65806",10.2017074290179,16.1580833333333,38.0246666666667,601.645658958863,4209.18838679727,8,2018,28.5,0.0878866434232849,28.0555725097656,14.7273397445679,206.639923095703,0.777922354959275,0.0690233456932744,38.6759719352158,3.88827896118164
"65807",8.9705953975899,16.1761666666667,38.0780833333333,603.159354720656,4215.13352071401,8,2018,34.5,0.0691569342233235,28.0286293029785,15.2873125076294,217.556640625,0.0101284188837525,0.0197240734486279,38.4284702480476,9.5333366394043
"65808",12.0778001806674,16.5400833333333,38.3815,634.516927177876,4249.26728017027,8,2018,22.5,0.134304535440697,28.0305233001709,15.1156673431396,206.123931884766,0.278423580478649,0.0420485389684775,38.5271295607656,8.95543384552002
"65809",8.92360385421766,16.2745,38.2143333333333,611.573467870911,4230.36020262292,8,2018,61.5,0.0892057542276052,28.027172088623,14.6947298049927,206.54362487793,0.925039286701638,0.0748644188073493,38.7026788721277,2.83909869194031
"65817",10.64808788242,16.20975,37.9556666666667,606.274228484298,4201.58994448107,8,2018,510.5,0.0749916297040489,28.074821472168,13.7990531921387,203.768753051758,2.00284263861625,0.113472115723228,38.8331099865661,0.0646112784743309
"65819",10.7778256552593,16.2039166666667,37.948,605.775712138293,4200.72897196501,8,2018,519.5,0.0749916297040489,28.074821472168,13.7990531921387,203.768753051758,2.00284263861625,0.113472115723228,38.8331099865661,0.0646112784743309
"65820",10.11867519346,16.64075,38.3196666666667,643.434794099519,4242.56101711445,8,2018,642.5,0.0643407284552835,28.0700988769531,14.1166324615479,204.164138793945,1.78097299502474,0.105828327201802,38.810397410053,0.132454693317413
"65839",12.917920250621,16.6539166666667,38.5496666666667,644.121926721851,4268.10475314568,8,2018,109.5,0.163348264883017,27.9560394287109,15.1093864440918,205.90869140625,0.312635474765883,0.0436712481858087,38.573451941326,10.0374774932861
"65884",8.96069087121059,17.2668333333333,38.92825,696.495310904778,4311.2519900978,8,2018,574,0.0630132423137449,27.8549938201904,14.1944208145142,205.553924560547,1.43609829746572,0.0936683472265085,38.8179524255097,0.326263546943665
"65885",10.2065784909792,17.1455,39.3195,684.952799691938,4354.42761438066,8,2018,22.5,0.066339830142368,27.8586483001709,13.9962968826294,204.452453613281,1.73800917653978,0.10309521983924,38.8035713525571,0.0610709264874458
"65916",11.2917080220314,16.99425,39.6026666666667,671.22187673247,4385.56229031704,8,2018,654.5,0.0528052174185395,27.856086730957,13.8290357589722,204.251724243164,1.92345748494033,0.111500308017012,38.8090303080901,0.00694826431572437
"1",7.86384807686293,14.60975,44.7014166666667,469.086953179143,4949.85463986248,7,2018,76,0.195347816275537,23.5219459533691,11.0559701919556,245.113632202148,0.00400800821137545,0.0192841843725321,38.6803210901295,23.0146293640137
"94",13.5268890572379,14.4835833333333,44.3699166666667,458.856164023596,4913.08781268117,7,2018,53.5,0.129098966978691,24.2179718017578,14.9344882965088,236.448776245117,0.00479574791067937,0.0179376083540333,38.6344746495775,15.9418458938599
"109",10.1372383190432,14.2253333333333,44.4565833333333,438.367385382796,4922.8802630517,7,2018,55,0.116449496974108,24.7176284790039,15.4996976852417,234.003341674805,0.00532144416034957,0.0156144175948272,38.6260865728262,13.6132621765137
"111",7.94147909276151,13.7570833333333,44.6689166666667,401.477829804151,4946.921756604,7,2018,46.5,0.13498061290596,25.5225448608398,16.9142761230469,237.454299926758,0.0054394961481472,0.0125232004155819,38.5849397685581,12.3378219604492
"125",10.6125545805864,13.44875,44.6351666666667,376.968196826483,4943.59732035332,8,2018,41,0.145957980411741,27.3798542022705,17.0051174163818,236.389266967773,0.00529120750215809,0.0147052994527129,38.6438940561341,12.7510147094727
"178",10.1803266727127,14.1905,44.2885,435.414311572724,4904.23530806243,8,2018,59.5,0.158607365187505,26.5663013458252,15.7884712219238,234.429412841797,0.00537774799003231,0.0210025216564476,38.646196070003,15.6988306045532
"194",9.16056968518933,13.1504166666667,44.5331666666667,353.043971428641,4932.76078712291,8,2018,39,0.188866596697815,27.503454208374,17.1483535766602,230.601211547852,0.0290020757132462,0.018673996218516,38.6473385024885,13.1793651580811
"244",7.63687664380468,13.7496666666667,44.4051666666667,400.442862641261,4917.63926311263,8,2018,56,0.158726492145717,26.9525489807129,15.7455377578735,236.235153198242,0.00620468622757446,0.020470112921342,38.6372334065133,13.2039108276367
"255",8.59919978462329,13.6165,44.4553333333333,389.930641926966,4923.37482399261,8,2018,52,0.14830425075932,27.1220760345459,16.3945999145508,236.623687744141,0.00623693699079599,0.0175577847068907,38.639895634431,13.0699644088745
"327",12.6146051618278,13.3774166666667,44.41025,370.8089521933,4918.72592272879,8,2018,51.5,0.182889914182344,27.3253974914551,16.1001605987549,235.412506103516,0.00504539614585437,0.0171930306407942,38.6568985628382,14.6654987335205
"363",10.4720053097877,13.3705833333333,44.7348333333333,370.987136517522,4954.78204528379,8,2018,41,0.162297807062559,27.4736862182617,17.4170894622803,235.073654174805,0.00494029758335731,0.0174027348774298,38.6662004826015,15.9042797088623
"382",10.4062996765646,13.29575,44.3224166666667,364.108811583608,4909.09436464746,8,2018,52,0.214611083917942,27.3825626373291,15.5440530776978,231.997573852539,0.0198053927328772,0.0236569210358813,38.6682400138609,15.3529014587402
"417",10.4302721100997,14.0948333333333,44.1966666666667,427.666500274776,4894.11859940695,8,2018,67,0.177566736047207,26.610387802124,15.413670539856,234.026000976562,0.00540651940726241,0.0237612143676102,38.652293791573,15.9122076034546
"445",8.18686752761907,14.8358333333333,43.40575,486.704740590156,4805.89289108133,8,2018,101,0.128211109926178,27.2258892059326,14.1386117935181,217.954040527344,0.266380557047811,0.0558695047274634,38.7181042219132,12.9271764755249
"488",9.4252794438005,14.5841666666667,43.7736666666667,466.537145131966,4846.82269939451,8,2018,80.5,0.159844589478068,27.2057304382324,14.6408681869507,224.067596435547,0.0487315213798303,0.034332944062688,38.6663744346165,14.3089580535889
"516",10.0354223813485,14.4608333333333,43.8428333333333,456.656116060379,4854.55449929077,8,2018,74.5,0.167525507803995,27.2272853851318,14.5493936538696,225.306091308594,0.0339869258960583,0.0307682957057817,38.6553935264854,14.504282951355
"526",8.48665710519087,13.1979166666667,45.02,358.016355993122,4986.75184522217,8,2018,35.5,0.224375355387179,27.5948677062988,18.7154083251953,226.457794189453,0.136814340924002,0.0341648496816981,38.6415751778396,24.045618057251
"542",12.1932551583231,12.982,44.52575,339.64370320842,4932.25563071106,8,2018,39.5,0.22389763819341,27.5729560852051,16.9441795349121,223.369354248047,0.105799418772033,0.0308147125734461,38.6386965369768,15.7645568847656
"545",10.126828647054,13.55275,44.83375,385.609145267017,4965.50663104185,7,2018,43,0.173446566519564,25.6470222473145,16.7359924316406,237.617828369141,0.00514212547853101,0.014569545846417,38.5982838212036,15.5004396438599
"562",10.8051628567802,15.072,44.1879166666667,505.754287001999,4892.74534448793,7,2018,50,0.088195753416549,23.8948783874512,16.0238170623779,247.537490844727,0.00740928432039893,0.0135916169560474,38.7439740841898,10.4321641921997
"608",11.4841883350008,14.8295,43.30125,486.170899249745,4794.27753931671,8,2018,105,0.126625847709957,27.2477836608887,14.1809282302856,217.686920166016,0.272821625264897,0.0559480993363855,38.7258098257582,12.5552129745483
"634",10.8635476022486,14.0818333333333,44.8195833333333,427.405040204639,4963.32060182253,7,2018,51,0.0852129128081239,25.0068359375,16.5227012634277,236.807022094727,0.00669690388802604,0.0140848730322899,38.6033802786846,10.0679407119751
"722",7.8138838811635,14.82275,44.48775,485.910036924535,4926.058195221,7,2018,85.5,0.228770364510014,23.3513736724854,11.1033620834351,242.948348999023,0.00638295543127293,0.0238681803917747,38.6787346734493,20.2823600769043
"748",11.1985647956811,14.5958333333333,43.4178333333333,467.278410077575,4807.29180567414,8,2018,89,0.131477190534686,27.3645420074463,14.1236658096313,219.088958740234,0.19406012655628,0.0499843957057808,38.7064089089545,12.5485525131226
"779",8.48944576587646,15.827,42.88075,567.537740569324,4747.90966348997,7,2018,140,0.106854364384809,24.9560165405273,14.1433334350586,217.804977416992,0.466119777260828,0.0650958672830188,38.7862108993518,8.54576873779297
"822",10.7566153563076,14.6769166666667,44.2209166666667,474.192044581263,4896.45894370401,7,2018,61.5,0.136928346227633,23.661678314209,15.6668195724487,231.902481079102,0.00451739057329523,0.0197326085733164,38.620430214148,19.9436073303223
"870",11.460305437934,16.2116666666667,43.1903333333333,598.45880476793,4782.66025629132,7,2018,89,0.153804774386803,24.2822532653809,14.7733392715454,216.622970581055,0.0621988664942127,0.029190732142705,38.6288797299795,16.8844013214111
"892",10.1874079457241,16.1475833333333,43.1064166666667,593.377845427833,4773.26953023748,7,2018,92,0.144925910494488,24.6012744903564,15.2092342376709,225.755218505859,0.0106970941166623,0.0196952871464757,38.667571935227,18.8714332580566
"938",10.6975444680578,13.7261666666667,44.2839166666667,398.362225325114,4904.19468753734,8,2018,61.5,0.158244417080776,26.9145355224609,15.4688234329224,235.790420532227,0.00658390744253499,0.021206608128999,38.6435259948414,13.273533821106
"950",6.65504926989934,14.8224166666667,44.00575,485.762464294051,4872.53236433683,7,2018,66,0.145493627803252,24.6035957336426,15.1021404266357,229.744415283203,0.00426763963061207,0.0197365789910556,38.6049792677874,22.9290237426758
"956",7.2727674317383,14.937,44.36,494.979671891553,4911.86044238343,7,2018,76,0.203872010355898,23.4283256530762,11.0580377578735,241.056015014648,0.0470567988659043,0.0292301136293062,38.7074472846056,15.9978351593018
"1024",12.3224863418474,14.5561666666667,43.04175,463.851098848663,4765.55218782373,8,2018,102,0.108045728427779,27.5036582946777,14.1783199310303,217.945526123047,0.35640843268116,0.0680729179842842,38.7384012766018,10.9055986404419
"1036",8.62019799631331,13.1794166666667,44.7921666666667,355.990944054453,4961.47911587342,8,2018,40,0.220211720983475,27.6123294830322,17.7913360595703,227.00456237793,0.0739544382052198,0.0280715400293771,38.6619655910261,20.5400867462158
"1116",11.0769117828398,16.29475,42.6575833333333,606.121884936713,4723.60560038309,7,2018,169.5,0.0922053445370567,24.9443702697754,14.5373859405518,219.909713745117,0.561827726485433,0.0698254691942315,38.8038612029667,4.80218839645386
"1121",6.09593449664898,16.0173333333333,42.6920833333333,583.331630059641,4727.1255935577,7,2018,173,0.092600182794728,25.1192150115967,12.7128686904907,223.049224853516,0.462341836036652,0.0719414097741329,38.7705150954538,7.64871025085449
"1157",7.84372951275962,16.2778333333333,42.9359166666667,604.26021044805,4754.48864546327,7,2018,123,0.13604776063465,24.7098617553711,14.6802654266357,215.543640136719,0.363624998663863,0.0532730455222169,38.6875182451162,10.2681674957275
"1169",8.56997372870634,15.956,43.16975,577.707307391545,4780.1146330944,7,2018,117.5,0.107620817111594,24.5591259002686,14.3099184036255,220.347137451172,0.281827499223536,0.0525392061827324,38.7405797045328,10.3321971893311
"1190",13.4566020287671,16.5378333333333,42.94725,625.451921485884,4756.09865594203,7,2018,102,0.160702453104775,24.2170734405518,14.9689435958862,215.976043701172,0.126113316039762,0.0365853803536005,38.7081892439209,15.362042427063
"1225",8.70585596794991,16.4418333333333,43.0555,617.41377672315,4767.98668612997,7,2018,80,0.129441985652515,23.9908618927002,15.1694364547729,225.792495727539,0.00778081065116074,0.0198907389550952,38.6201131067428,17.8698692321777
"1238",6.72461684089652,16.2368333333333,43.4270833333333,600.108924016244,4808.98812176123,7,2018,65,0.112478276869077,23.3165302276611,15.5212926864624,228.978500366211,0.00803857076145781,0.0163490949111682,38.5306843400813,15.7309846878052
"1296",10.5571082057799,15.14625,43.8670833333333,511.747588051451,4857.12248937979,7,2018,81.5,0.173504189717525,23.7751026153564,14.8941955566406,225.572250366211,0.0138104104568455,0.0249049189050938,38.5913014117066,22.4323406219482
"1338",6.85184079382306,15.047,43.3504166666667,503.809051817702,4799.72838850337,7,2018,126.5,0.121465009216157,24.9927673339844,13.4571485519409,221.490936279297,0.314847841087445,0.05715489693018,38.7088263035585,10.6559009552002
"1353",8.91783783839962,13.4123333333333,44.0721666666667,372.861474706659,4881.1174125938,8,2018,62,0.204500010533566,27.485071182251,15.0115928649902,224.491271972656,0.226166065587052,0.0475847409448653,38.6335273182188,15.7967329025269
"1379",12.7094532862691,15.1463333333333,43.4904166666667,511.829399615143,4815.2856189793,7,2018,130.5,0.111097659670412,24.8886585235596,13.4348745346069,220.945648193359,0.315171340306092,0.0600212245790342,38.6752553801554,10.6929836273193
"1400",12.374531396376,14.28725,43.8074166666667,442.667287365455,4850.72842360591,8,2018,76.5,0.169978501118473,27.3269748687744,14.3937158584595,225.271789550781,0.0493452387724821,0.0339254154941335,38.6565590255494,14.4252023696899
"1427",10.0810741257314,14.621,42.9556666666667,469.086134635245,4755.96504881045,8,2018,128.5,0.0863249140800475,27.46044921875,13.3662843704224,221.263793945312,0.454481908346538,0.0713318873465675,38.7524445287814,8.50111103057861
"1436",9.8670094819794,14.7323333333333,43.0004166666667,478.180350189929,4760.89397956903,8,2018,126.5,0.09280332164982,27.409309387207,13.3098917007446,221.474472045898,0.472704864774693,0.0715263574519732,38.7533418858821,8.51188373565674
"1469",7.37127659770471,16.0539166666667,43.2990833333333,585.484104732798,4794.56942552004,7,2018,116,0.125687029110312,23.993824005127,14.3614740371704,217.916580200195,0.256821526389767,0.0518032289476821,38.6589017639168,11.7106504440308
"1487",8.5245591574655,13.876,44.1643333333333,410.133173948512,4890.73572760341,8,2018,64.5,0.165067484046279,26.8824462890625,15.1226396560669,234.432647705078,0.0132326967082299,0.0258677324835195,38.6607407751359,13.8742980957031
"1571",9.62631842621692,14.2848333333333,43.6405,442.314311420619,4832.19370566773,8,2018,79.5,0.150328967692216,27.3977737426758,14.2440481185913,221.506927490234,0.156593844939532,0.0504929424490111,38.6735870369275,13.013053894043
"1625",10.1107826413017,16.8471666666667,43.38275,649.625936736981,4804.97139486528,7,2018,78.5,0.0469303655624013,24.0773029327393,21.6116504669189,220.628326416016,0.0150373054643029,0.0082724616174136,38.4645253727355,3.1028413772583
"1667",8.03081403815401,15.204,43.984,516.359914497983,4870.11598428518,7,2018,67,0.128703922546296,23.7267818450928,15.5082731246948,230.810928344727,0.00439373749992847,0.0192391568123781,38.5848235297077,18.5475234985352
"1707",10.3186304418982,14.674,42.8285833333333,473.354527380963,4741.83293562332,8,2018,225,0.0541739183054691,27.4689025878906,12.0106830596924,226.097396850586,0.662219888068481,0.0857896020756507,38.7608818682529,2.86207842826843
"1792",7.41071107243885,16.148,37.9034166666667,600.925074749092,4195.71832733472,8,2018,374.5,0.0792859603479411,28.0810222625732,13.6705961227417,201.306213378906,2.14243725539848,0.117795528714279,38.8217931446028,0.0136160412803292
"1842",12.0284431761704,14.2849166666667,43.4939166666667,442.182319763539,4815.91226927183,8,2018,84.5,0.148578453825132,27.4749565124512,14.1362104415894,220.244857788086,0.200425930844688,0.0562755302351208,38.689848142658,13.4766044616699
"1869",11.6303964953977,15.3204166666667,43.6333333333333,525.845473577074,4831.1954571031,7,2018,117.5,0.114223787762279,24.3258323669434,13.706976890564,220.168792724609,0.288836765796456,0.0603553193723917,38.6282466553748,9.97319889068604
"1912",12.9292753543745,16.2718333333333,42.4855833333333,604.523630666253,4704.47770463815,7,2018,177,0.0775526193989912,25.1896286010742,13.0245943069458,222.327026367188,0.534842928079952,0.0761402114359203,38.7766200654597,5.77136850357056
"1949",11.9367954940835,15.4560833333333,43.8005833333333,536.689673546496,4849.8273879818,7,2018,88.5,0.2049452637935,23.6544628143311,16.1236724853516,230.491104125977,0.00700124942866878,0.0240317252600224,38.6345590674948,35.0255661010742
"1964",11.8827904084906,13.0886666666667,44.1408333333333,347.125174779095,4889.28748327835,8,2018,51,0.267136562136494,27.7584533691406,16.5067234039307,223.090728759766,0.387970252413559,0.0446407306917286,38.4609582278401,30.0897121429443
"1998",10.4942368998385,13.0583333333333,45.088,347.198823171266,4994.56012401435,8,2018,33.5,0.251196573599587,27.7092819213867,19.1033039093018,220.596206665039,0.18461164450905,0.0388909307219223,38.619519255071,28.9331245422363
"2091",9.01217941838524,16.9786666666667,43.2736666666667,660.564845001534,4793.11036922039,7,2018,69,0.0469303655624013,24.0773029327393,21.6116504669189,220.628326416016,0.0150373054643029,0.0082724616174136,38.4645253727355,3.1028413772583
"2167",11.3947607647237,15.5960833333333,42.965,548.614760870468,4757.10047952729,7,2018,150.5,0.0992095232984341,24.9635715484619,12.5957374572754,224.122680664062,0.467121169155957,0.0699808338163645,38.7645726794931,7.20861721038818
"2177",13.5310519059812,16.2634166666667,42.3544166666667,604.049992625886,4689.89900575443,7,2018,112.5,0.108478068849421,25.2406158447266,13.3698072433472,221.083282470703,0.378552106695737,0.0620644565140681,38.7462162171851,8.50042247772217
"2191",9.18904273528395,16.7559166666667,42.69675,643.824298373888,4728.62944736719,7,2018,128,0.104410209813012,24.4963188171387,14.986310005188,214.993637084961,0.504373928238293,0.0657873910860418,38.775985635887,6.82517910003662
"2219",9.06826382947873,17.0405833333333,43.0700833333333,666.139160662725,4770.62013854515,7,2018,61,0.0469303655624013,24.0773029327393,21.6116504669189,220.628326416016,0.0150373054643029,0.0082724616174136,38.4645253727355,3.1028413772583
"2241",8.38884912528814,16.7065,42.8586666666667,639.413881217647,4746.53626895791,7,2018,94.5,0.133322105284871,24.0112419128418,15.6974267959595,223.157928466797,0.00642237919419216,0.0201600373960934,38.7145260553213,21.224781036377
"2264",9.69421562778484,14.1423333333333,43.7545833333333,430.951753471192,4844.97481921582,8,2018,76.5,0.176413213483779,27.5238819122314,14.2494335174561,223.613677978516,0.147038051806764,0.0448887599453185,38.644808022867,13.8288621902466
"2286",8.73474242680776,14.7429166666667,42.88475,479.005056660277,4748.04311268338,8,2018,247,0.0580116098942188,27.4539642333984,12.0015649795532,226.087905883789,0.71975347452208,0.0893028023528326,38.7679963184187,2.54249143600464
"2352",12.3671301706741,16.19425,38.0251666666667,604.822306555158,4209.28405137978,8,2018,114.5,0.0878866434232849,28.0555725097656,14.7273397445679,206.639923095703,0.777922354959275,0.0690233456932744,38.6759719352158,3.88827896118164
"2395",7.17660867423057,14.4509166666667,45.2124166666667,456.882717818433,5006.69242641238,7,2018,64.5,0.144028055140204,24.1262722015381,11.2257051467896,250.629241943359,0.00779546550461633,0.0190696356613989,38.5290098309667,17.3120613098145
"2396",6.46249960876376,16.1940833333333,41.9910833333333,598.907065474674,4649.47764879397,8,2018,45,0.164614841186461,28.0327033996582,16.2709274291992,236.987503051758,0.435374784665759,0.0166474916024935,37.9996467228009,17.275333404541
"2425",9.28664321501937,12.9871666666667,44.1808333333333,339.115403596508,4893.9240965925,8,2018,46,0.26742857532926,27.7239780426025,16.6186695098877,221.507705688477,0.312663185259903,0.0468528466147092,38.5569046258518,29.8668613433838
"2468",13.8662086656446,13.15125,44.1080833333333,352.042652318533,4885.54114646792,8,2018,40.5,0.248000279794801,27.6775531768799,16.2070579528809,223.97526550293,0.315713512274345,0.0395727174326418,38.5051628425934,27.5078525543213
"2494",12.9913719693531,14.31925,43.3423333333333,444.81806533527,4799.05279141353,8,2018,81,0.161945894139979,27.5977306365967,14.0608224868774,218.830017089844,0.262152696671505,0.0642138996606459,38.6792345791486,15.393009185791
"2505",6.95577942456911,15.1863333333333,43.2155833333333,515.131806940721,4784.77410749003,7,2018,213.5,0.0819769127004042,25.0625610351562,12.2564754486084,225.6083984375,0.550972434885829,0.077491847094814,38.7580535403582,3.71917939186096
"2515",10.8345969560306,15.44525,43.6091666666667,535.926981144357,4828.56531000522,7,2018,177,0.0874699295808902,24.0339698791504,12.7551403045654,223.47004699707,0.443034654781317,0.0738742996688009,38.6523556713817,5.61894369125366
"2539",9.39941561432219,15.6016666666667,42.4200833333333,549.502342042712,4696.5965010396,8,2018,141,0.0802840221675733,27.8517608642578,13.3216733932495,219.018447875977,0.53455393356373,0.0901747153050587,38.7122650227022,6.65691900253296
"2564",11.6982520636916,15.35075,36.9244166666667,531.243733681801,4086.54333136666,8,2018,371.5,0.0808697775922747,27.717264175415,13.8471832275391,202.060317993164,2.12626610671177,0.117497914634889,38.7996507455631,0.00940607208758593
"2628",7.79465826658861,15.3356666666667,36.941,529.892376162976,4088.37997093835,8,2018,160.5,0.0895290280903739,27.7475337982178,14.7341814041138,204.939834594727,1.00304080108199,0.0814908499643111,38.6570274433864,3.81383395195007
"2629",7.94496159393384,15.3276666666667,36.9328333333333,529.18314118664,4087.46784524918,8,2018,203.5,0.0895290280903739,27.7475337982178,14.7341814041138,204.939834594727,1.00304080108199,0.0814908499643111,38.6570274433864,3.81383395195007
"2667",12.4268989394051,15.1381666666667,37.4726666666667,512.219957212229,4147.32158075879,8,2018,72.5,0.135434102850586,27.6269226074219,15.2260551452637,214.943771362305,0.0250285956002932,0.0219899432974417,38.5723662935874,8.40943813323975
"2668",14.3891221490355,15.15,37.4975833333333,513.258939396216,4150.08564454193,8,2018,108.5,0.135434102850586,27.6269226074219,15.2260551452637,214.943771362305,0.0250285956002932,0.0219899432974417,38.5723662935874,8.40943813323975
"2817",12.4256913821038,15.5475,42.4934166666667,544.990749372124,4704.70543361514,8,2018,136.5,0.0829942996066806,27.8196640014648,13.1736087799072,219.138931274414,0.515561776927946,0.0877324243893189,38.7112602010311,6.8139796257019
"2835",10.8574623202388,13.46775,43.9364166666667,377.017485916819,4865.95016137692,8,2018,59.5,0.260146007177665,27.6658267974854,15.2755603790283,221.00764465332,0.415640433548251,0.053302111016741,38.4693986198731,23.5696830749512
"2847",11.5364379346291,12.9045,44.9005833333333,334.557051410592,4974.0444652439,8,2018,33.5,0.287050322519048,27.9555854797363,19.2851543426514,205.3427734375,0.662903290395369,0.0871675074688613,38.5934700626403,31.0152111053467
"2854",16.532206418531,12.8494166666667,44.5931666666667,329.304094755444,4940.01133246914,8,2018,36,0.291152041805466,27.7322521209717,17.1127223968506,214.513214111328,0.250093422968742,0.0517874980253096,38.6132629238609,22.5099868774414
"2930",9.16208810287988,13.7493333333333,44.02475,399.767563877194,4875.37656363889,8,2018,69.5,0.180419307735648,27.3575115203857,14.450008392334,226.138610839844,0.147549921172469,0.0455232899471151,38.6730434346256,12.6878156661987
"2945",10.1588198004288,13.60925,44.0730833333333,388.638478233989,4880.93211350692,8,2018,66.5,0.177871891220252,27.320728302002,14.5920000076294,227.05451965332,0.103025342464234,0.037276686145584,38.6670138783595,12.258469581604
"2955",12.4095800773508,13.5065,43.6881666666667,379.634032108792,4838.32657108542,8,2018,18,0.176132629533897,27.9471664428711,24.9856700897217,281.986114501953,1.88660697170668,0.0252100283279778,36.1250797854262,22.0266399383545
"2980",7.66773135134149,12.83475,44.47425,327.794766872407,4926.82351390177,8,2018,39,0.307166181081391,27.7774562835693,17.2093353271484,213.927871704102,0.259012068749025,0.0564152136076215,38.5989468263614,27.5031566619873
"2988",10.1142376440583,16.85725,42.1723333333333,653.404221736471,4670.57635251495,8,2018,239,0.0649137625380157,27.6973705291748,14.2153978347778,216.432159423828,1.1827156344793,0.103985353846265,38.8370574822481,2.06826758384705
"3006",5.23039701701289,15.2354166666667,42.1025,519.463956028275,4661.18359199338,8,2018,80.5,0.175745305964582,27.8284111022949,14.3490371704102,216.59001159668,0.459295831497144,0.0627827716955893,38.360086807997,17.7252235412598
"3013",8.18097461946472,13.9290833333333,43.867,413.949775860782,4857.65830931697,8,2018,73,0.183860632252715,27.5143566131592,14.4392986297607,224.7138671875,0.170994047967447,0.0473932962580605,38.653644934489,13.6507930755615
"3037",12.3996387290195,15.38125,43.4243333333333,530.85634604131,4808.00490251457,7,2018,226.5,0.0717504905590372,24.5396976470947,12.3248424530029,225.715744018555,0.592322947997081,0.0818444107899301,38.7246706070648,1.86267483234406
"3049",10.7277977143687,15.5295,43.5596666666667,542.764902459054,4823.10775551434,7,2018,208.5,0.0669457841547518,24.1124458312988,12.4612083435059,224.966567993164,0.55539959167674,0.0797098001549156,38.7048796500467,2.93606686592102
"3129",6.83641544917322,18.7238333333333,39.7294166666667,819.155106497032,4404.35808680588,8,2018,536,0.0544022135268386,27.6433372497559,14.0534782409668,212.331344604492,1.69535872964044,0.107650058545214,38.8746021308188,0.0157942697405815
"3235",10.4122669005375,18.9060833333333,40.7830833333333,829.621396869282,4522.02494034607,7,2018,587.5,0.0622121090196819,25.7035980224609,14.1071605682373,215.950714111328,1.54651537058795,0.1101221083346,38.8256435828528,0.088652066886425
"3319",11.9326664917828,18.433,41.8235833333333,785.11591322207,4635.89058143926,7,2018,692,0.0803855608485153,25.8085021972656,13.9401369094849,215.777359008789,1.47665825736229,0.112294228739457,38.8280713002243,0.129951983690262
"3330",12.4028917651101,18.81325,40.91225,821.155237144931,4536.01495499368,7,2018,540,0.0675098822583759,25.7845554351807,14.1427545547485,216.222610473633,1.45288144077459,0.108172289195089,38.8218886727669,0.211746722459793
"3336",9.30201431305086,18.541,40.67725,799.280644779232,4508.95623707781,7,2018,427.5,0.0832231736703445,25.810188293457,13.8770637512207,215.707107543945,1.41476886649982,0.112637712602757,38.809383158679,0.0715582296252251
"3384",9.90330647353805,18.874,40.8975,826.349423620058,4534.60796381449,7,2018,345.5,0.0632103036592864,25.7116184234619,14.2368049621582,215.947128295898,1.42354598855374,0.103330462701119,38.8163589911931,0.193835958838463
"3392",11.9771561065116,18.9888333333333,40.6875833333333,837.08435311791,4511.7348202083,7,2018,518,0.0593728364332822,25.5220928192139,14.251953125,215.676208496094,1.41195921817932,0.0994015569219596,38.8164720363743,0.216702684760094
"3426",7.89630005379697,18.6400833333333,40.4573333333333,808.668333163049,4484.8820673128,7,2018,585,0.0838736136129683,25.6880970001221,13.9359302520752,216.030563354492,1.39894754152669,0.112196606013532,38.7800511889128,0.0965218022465706
"3440",6.59062745381967,18.76225,41.4449166666667,814.306300200046,4594.98274593977,7,2018,392,0.0776408955135078,25.8089256286621,14.1772747039795,216.363677978516,1.37699514181898,0.105965018215831,38.8215411827667,0.254545390605927
"3453",12.7787657919591,18.6184166666667,40.3869166666667,807.148375810639,4476.98953410025,7,2018,361,0.0826500133107775,25.6934947967529,13.9621458053589,216.14599609375,1.38743313136874,0.112140639115715,38.7681184042352,0.12025985866785
"3487",7.06043516085572,18.86125,41.1145833333333,824.211684185976,4558.66845361476,7,2018,295,0.0674450027193857,25.7111110687256,14.4520578384399,215.422317504883,1.30170479343853,0.0966559899049211,38.8111476213174,0.480327129364014
"3501",9.1363396704049,19.0005833333333,40.72875,837.873608843821,4516.34416217064,7,2018,325.5,0.060399205716245,25.5336437225342,14.4502429962158,213.298736572266,1.27619485360383,0.0917640926458756,38.8030249155397,0.568772196769714
"3598",10.0751181676824,18.6836666666667,39.8224166666667,815.29206628735,4414.54144118274,8,2018,146.5,0.0547442737820733,27.7825927734375,14.7192754745483,210.093688964844,0.925416593984767,0.0755486324497231,38.8076743339805,1.33011376857758
"3608",11.1816731139396,18.71125,39.86175,817.464624295454,4419.01342787909,8,2018,145.5,0.0526389316871899,27.9000759124756,14.7096347808838,209.953887939453,0.901614855924265,0.0746495026825117,38.7733580564084,1.60415053367615
"3629",7.58311349531135,18.3989166666667,39.6595833333333,791.596603101733,4395.50086615347,8,2018,258.5,0.059638012457801,27.9465045928955,14.6128997802734,209.611297607422,0.940939169403512,0.0753156316506448,38.7390384255229,1.61133694648743
"3777",10.5611573973497,18.4831666666667,42.0424166666667,788.297332201398,4660.3562881675,7,2018,296,0.0812651345312273,25.6561870574951,14.6333723068237,215.416748046875,1.03770741609592,0.0897050144207149,38.8039905291254,1.75869488716125
"3918",12.4196456438937,18.6036666666667,41.7838333333333,799.480396293321,4632.05214287448,7,2018,276,0.0884228537225435,25.7251110076904,14.7655153274536,213.926635742188,0.89544043857891,0.0798781343101144,38.7753771971506,2.50460481643677
"4025",10.4389207955619,18.5796666666667,39.887,806.100916638809,4421.35184262749,8,2018,109.5,0.0989516574862052,27.9892158508301,14.9422922134399,210.499816894531,0.381554253937148,0.0465068282275294,38.6219496781445,4.88762903213501
"4045",10.3369406717578,18.9675833333333,41.3130833333333,832.1316648425,4581.1133671006,7,2018,118.5,0.107824950832088,25.591667175293,15.0710220336914,211.218139648438,0.750514294432438,0.0681774610515487,38.7699105320729,2.47499489784241
"4049",7.93186092738625,18.6205833333333,42.0544166666667,799.61471710819,4662.16171861954,7,2018,154.5,0.0991195391455245,25.5581550598145,15.072244644165,213.775360107422,0.741954454781172,0.0733814558688109,38.7817815347511,3.28529763221741
"4053",8.37312150370988,18.3605,40.66675,784.066490809046,4507.20179439098,7,2018,119.5,0.0870902708203536,25.7203311920166,14.2757253646851,217.124069213867,0.713875499337336,0.0852499255724225,38.7200013133121,4.27990961074829
"4122",12.0704230436966,18.52125,40.58275,798.035315400732,4498.40759812414,8,2018,118,0.0898301652465831,28.0225524902344,14.4302444458008,215.056350708008,0.635271731610955,0.0822105436969583,38.6894672400312,7.03994369506836
"4221",7.63823393636566,18.4293333333333,40.4124166666667,790.983452626534,4479.18018702248,8,2018,112,0.110852086203625,28.0840835571289,14.544358253479,215.595886230469,0.501542710926789,0.0738043589064535,38.5891798797865,9.26374435424805
"4240",7.58884466651417,19.10475,41.4011666666667,843.155366529336,4591.43225382516,7,2018,114.5,0.145528996972767,25.462739944458,15.4526567459106,213.924270629883,0.440368713366886,0.0613999839755035,38.7566158734914,8.41108131408691
"4247",9.97042683716488,18.4406666666667,40.64975,790.921045843036,4505.57679117256,7,2018,124.5,0.123971410433903,25.7064075469971,14.3891324996948,217.341720581055,0.48316076340638,0.0705758638893972,38.6553630139235,7.39593839645386
"4283",6.48415135429595,18.2736666666667,40.70975,776.549929548936,4511.69894869385,7,2018,119.5,0.112808818388138,25.6501140594482,14.3450775146484,216.865463256836,0.499866558205102,0.0675132307859946,38.6180122191533,8.364990234375
"4311",9.70765764766933,18.7229166666667,41.8663333333333,808.990348250498,4641.63656609923,7,2018,116.5,0.134797951966098,25.6352062225342,15.3403978347778,212.786682128906,0.400641496930925,0.0530183138831699,38.7353485596043,8.65060234069824
"4354",8.50972987622171,18.48575,40.0575833333333,797.319971847597,4439.97456290149,8,2018,49.5,0.0532392098484537,28.1548404693604,27.7155818939209,185.815826416016,0.42224022444948,0.00899592700046369,37.9495942736306,3.74798798561096
"4355",10.8331675479212,18.5180833333333,40.0319166666667,800.197062729159,4437.23002307008,8,2018,91,0.0532392098484537,28.1548404693604,27.7155818939209,185.815826416016,0.42224022444948,0.00899592700046369,37.9495942736306,3.74798798561096
"4501",10.1813620846683,18.4528333333333,40.2893333333333,793.511805964181,4465.59016008315,8,2018,79,0.105960104633612,28.2060413360596,15.8754453659058,229.504470825195,0.219693235691576,0.018934696491808,38.2482669300216,13.2587537765503
"4596",7.91844172670728,18.2663333333333,40.5929166666667,776.4072588547,4498.69620685806,7,2018,91.5,0.164411827593833,25.6935234069824,15.118143081665,223.169906616211,0.246089935224581,0.0353600199545403,38.2899655190023,13.2517547607422
"5013",13.1804404789251,15.7179166666667,42.3344166666667,559.142618709167,4687.15489551341,8,2018,124.5,0.0854012771113351,27.8861331939697,13.7475528717041,215.951950073242,0.498375374759503,0.0865114943238888,38.6999004355004,8.02697658538818
"5065",11.4470829573671,15.7164166666667,43.1596666666667,558.241226952994,4778.79852876811,7,2018,133.5,0.113522990396666,24.7468605041504,13.5839309692383,221.703002929688,0.365964637867065,0.0594966018567975,38.7541682989748,8.59555721282959
"5082",8.96078647410297,15.6001666666667,43.5983333333333,548.444017921823,4827.43346067472,7,2018,191.5,0.134593317517366,23.6395282745361,14.4298248291016,218.756759643555,0.176927569573588,0.0472273541873679,38.6194786285574,12.9851331710815
"5102",8.16418249783847,15.4073333333333,42.43525,533.500825947326,4698.17816803505,8,2018,148,0.0760552338959415,27.7950706481934,13.1842966079712,222.079025268555,0.576838354188004,0.0927387992713262,38.7196391722981,5.95000267028809
"5106",7.85036857155463,17.171,42.6364166666667,677.99803902978,4722.72367996791,7,2018,172,0.0952173911574044,24.9714641571045,15.0081987380981,215.362457275391,0.531850092047773,0.067961518359051,38.7934831050824,5.90136528015137
"5108",9.64447603126665,15.251,42.5349166666667,520.612231917216,4709.19886012707,8,2018,152.5,0.0762586753724284,27.6609859466553,12.9805507659912,219.615173339844,0.532512430406856,0.0879091139214382,38.7254685299277,6.42687034606934
"5152",11.2380444624391,17.242,43.1085,682.423002555534,4775.30337922707,7,2018,52,0.0469303655624013,24.0773029327393,21.6116504669189,220.628326416016,0.0150373054643029,0.0082724616174136,38.4645253727355,3.1028413772583
"5185",9.06463683241749,17.1709166666667,42.8168333333333,677.474576358924,4742.75678563754,7,2018,85.5,0.0944474105641177,24.0357131958008,16.4302654266357,225.296295166016,0.0127754297888629,0.0199206789284691,38.6515594635587,15.5032653808594
"5207",9.72834896162235,15.3489166666667,42.0295833333333,528.881691911983,4653.12156279462,8,2018,61,0.20041848078709,28.0093669891357,16.3281917572021,231.936584472656,0.612072623811394,0.0213378951444268,37.8103908596967,22.9359741210938
"5237",13.2354624889305,14.2361666666667,44.99425,439.794800195306,4982.5898304385,7,2018,52.5,0.0896056786012693,24.2983589172363,16.1893539428711,249.740921020508,0.00940361653187592,0.0151436754061662,38.6668775245068,10.3340034484863
"5241",8.56048176565954,14.6471666666667,42.468,470.996995247629,4701.80014486151,8,2018,103,0.15980064521793,27.6410732269287,14.4126434326172,216.248916625977,0.527691840747149,0.0816515566691665,38.4806213671463,17.2292041778564
"5254",13.1243910150412,15.26625,42.00175,522.045437917409,4650.01034582183,8,2018,30.5,0.207455797912413,28.0204734802246,16.7025299072266,235.931762695312,0.659679707702529,0.0222270286635963,37.7810177241692,24.3648281097412
"5295",10.6893065126167,15.1123333333333,43.0571666666667,509.144892884884,4767.172909283,8,2018,257.5,0.0627313813884262,27.3630409240723,12.2153186798096,225.734725952148,0.765439852731224,0.0949890835970339,38.773567661354,2.03643870353699
"5355",10.0440573352998,17.0173333333333,41.9925833333333,667.091024900057,4650.92301774964,7,2018,592,0.0850840788967691,25.2522773742676,13.9246807098389,215.038833618164,1.53430339525438,0.111933062345942,38.8411113213023,0.0344631001353264
"5358",12.334464553258,17.16275,41.5060833333333,680.501636909621,4597.19968892035,7,2018,533,0.0787380181181837,25.3633079528809,13.9161624908447,216.196731567383,1.38304407965739,0.112416318953541,38.8265378959399,0.683877170085907
"5374",10.0090623166354,17.0214166666667,42.0900833333333,667.174755849123,4661.75712705198,7,2018,614.5,0.085323535615224,25.24680519104,13.9575319290161,215.227798461914,1.47151353955166,0.109957336820837,38.8379868808406,0.0857205763459206
"5399",5.12600502131734,16.9685833333333,42.1175,662.737771391145,4664.69759598746,8,2018,411.5,0.0646937040090161,27.782413482666,14.1667737960815,216.27848815918,1.26929000420594,0.106042320975918,38.836814181039,1.0109521150589
"5419",13.0286049973742,17.1729166666667,39.1521666666667,687.760679508371,4335.91513817382,8,2018,76.5,0.134126372906688,27.8728981018066,14.9620628356934,209.262451171875,0.202592125942897,0.036568329464872,38.6592133910876,7.37690258026123
"5420",10.0677098831513,17.2119166666667,39.121,691.215436981351,4332.53369543743,8,2018,247,0.134126372906688,27.8728981018066,14.9620628356934,209.262451171875,0.202592125942897,0.036568329464872,38.6592133910876,7.37690258026123
"5470",10.2984412482565,17.231,41.01275,687.600882997592,4542.57546242203,7,2018,38,0.103846504808325,25.8617687225342,20.521635055542,220.732086181641,0.584202832940291,0.0113786980806821,37.5369722334108,13.0268630981445
"5482",9.97590813196371,15.0530833333333,42.2248333333333,504.38210376018,4674.73736650196,8,2018,90,0.158856149291455,27.7578449249268,14.3489055633545,217.10920715332,0.481556728953591,0.0687563881883287,38.4590905809524,15.1758127212524
"5492",9.26396507041953,15.0600833333333,42.2950833333333,504.954276038818,4682.54343377827,8,2018,106,0.120379524413375,27.7219676971436,14.2108736038208,218.179275512695,0.543360534354928,0.0828933305628442,38.584640962218,11.089409828186
"5529",9.70232900133495,14.4190833333333,42.7866666666667,452.488283144482,4737.29224324072,8,2018,106.5,0.10618108346632,27.5586223602295,14.2307071685791,217.687744140625,0.510968898473612,0.0894814690370712,38.6825052190614,10.9997282028198
"5536",8.95696460916365,14.2905,42.5686666666667,441.766860329582,4713.16538700651,8,2018,50.5,0.233612182512916,27.7486705780029,15.1363315582275,217.559127807617,0.589967811861664,0.0502209492159138,38.1123977297901,28.2058086395264
"5566",11.5772108950736,16.9256666666667,39.6160833333333,665.29987081964,4386.92112409624,8,2018,546.5,0.0553714879164077,27.87819480896,13.9101161956787,208.104446411133,1.74437207854169,0.106616712276736,38.8138047413501,0.0145959705114365
"5573",9.78447918060223,16.9554166666667,39.7469166666667,667.532971026842,4401.49450671791,8,2018,377,0.0417659230858876,27.8228340148926,14.0369482040405,207.660797119141,1.56560539039879,0.101146089163474,38.8037343265693,0.0862569957971573
"5577",8.50349318651393,17.02275,39.6970833333333,673.432808390034,4396.09506553842,8,2018,319.5,0.0458938409250172,27.8329849243164,14.043815612793,208.349670410156,1.55923443435388,0.100287758321279,38.8043858499521,0.0972362905740738
"5692",6.39835450093685,16.9849166666667,41.2415,666.326752271084,4567.46609939767,7,2018,113.5,0.128432971312876,25.6286296844482,13.8160734176636,217.735290527344,0.523657077269763,0.0742614077897562,38.5168901172248,10.899621963501
"5751",12.3198998609498,16.9538333333333,41.1306666666667,663.996894998596,4555.1058097974,7,2018,41.5,0.147522308898608,25.8897438049316,16.6472053527832,228.402145385742,0.613308794682759,0.0164641435935813,37.5906789235928,20.8388710021973
"5817",10.3934374441556,16.9588333333333,42.1563333333333,661.828749095651,4668.9872450284,7,2018,403.5,0.0838042240398407,25.2251586914062,14.0041017532349,216.687942504883,1.25189593109148,0.103928652891495,38.8248034862603,0.950406014919281
"5836",8.2877827224441,17.0865,41.532,674.064037906973,4599.91876396922,7,2018,403.5,0.0740342219372458,25.3449897766113,13.9687280654907,217.226943969727,1.15358872901253,0.105683992793135,38.8166721622808,2.57539296150208
"5892",11.8118891206727,16.8315,41.9109166666667,651.894719252818,4641.50557214118,7,2018,226,0.0781721778994302,25.2718830108643,13.8444328308105,218.006057739258,0.947762625776378,0.0942087713390205,38.8113793313518,3.88886284828186
"5921",9.13446521065238,16.7294166666667,42.1440833333333,642.903405533728,4667.22304245797,8,2018,174,0.070372567644701,27.5942192077637,14.1507225036621,216.417999267578,0.860684988096763,0.0861705955046726,38.8136350700752,4.52973508834839
"5995",8.66958155208542,17.0650833333333,41.12925,673.34361492594,4555.15489731604,7,2018,90.5,0.18261712126972,25.758846282959,14.186713218689,216.472045898438,0.430635076120233,0.0582706233483521,38.2895283504154,15.8757085800171
"6031",6.74911682644497,15.8473333333333,43.522,568.474655705228,4819.13333602981,6,2018,150,0.122376887949922,23.1802787780762,13.3271751403809,223.174453735352,0.246682566825955,0.0529332910733293,38.5622336924763,8.90053653717041
"6055",8.11129440264467,14.5623333333333,44.8595,465.418336932699,4967.43599720748,7,2018,95.5,0.21086327236055,23.7862358093262,10.8887300491333,241.585037231445,0.0269462310388921,0.0281828107356245,38.6774268791423,18.5931282043457
"6070",8.24289795133686,16.0984166666667,42.0085833333333,590.955217528291,4651.31458189955,8,2018,41.5,0.174936432073143,28.0696105957031,16.9167385101318,238.089065551758,0.472992723739722,0.0173397650084537,37.9482025735863,18.1561737060547
"6111",10.6500646990516,14.9595,42.9220833333333,496.694744540127,4752.16498820555,8,2018,195.5,0.0679407244576261,27.4494228363037,12.0565786361694,225.569290161133,0.646244656784198,0.0851828224633302,38.7590811851926,3.3203227519989
"6132",10.1718256852335,16.6261666666667,42.1545833333333,634.353354149284,4668.22131238786,8,2018,174,0.0743168849545011,27.7063884735107,13.7323560714722,217.218688964844,0.774018137743631,0.0914001997840441,38.7535095460079,6.12221240997314
"6144",6.02950644997192,15.666,42.2421666666667,554.9470053528,4676.88267543671,8,2018,108.5,0.0967974946477946,27.8858795166016,13.8419332504272,216.580627441406,0.444083258947685,0.07853187245612,38.6652865377325,9.79112529754639
"6166",7.3546705100942,15.1620833333333,42.2354166666667,513.375146233315,4675.92567293077,8,2018,103,0.127743608505036,27.7840137481689,14.2156286239624,217.821166992188,0.490699706883504,0.0719815092321554,38.528118156284,12.4287986755371
"6188",12.4737924687931,14.8461666666667,42.7974166666667,487.422905495761,4738.32827904194,8,2018,214,0.0584872427415597,27.4628829956055,11.9374647140503,226.178466796875,0.700398598856752,0.0886759059608975,38.7630372925781,2.7624728679657
"6263",10.0507698311028,15.8261666666667,43.6221666666667,566.658837286944,4830.2444023657,7,2018,80,0.149704969860635,23.2252922058105,15.5053939819336,227.58088684082,0.0101269743176548,0.0196278074872345,38.588375880378,18.738338470459
"6282",15.3142828302819,17.353,39.0158333333333,703.717076568027,4321.16414953179,8,2018,679,0.0575544354267322,27.8805408477783,13.7455129623413,202.196624755859,2.08974650058284,0.113909168690882,38.8212783149641,0.0242010299116373
"6283",7.06664132898691,17.3650833333333,39.02525,704.737659359906,4322.23463949071,8,2018,693,0.0575544354267322,27.8805408477783,13.7455129623413,202.196624755859,2.08974650058284,0.113909168690882,38.8212783149641,0.0242010299116373
"62891",10.4208536874389,17.4519166666667,40.2109166666667,708.658866110946,4454.04883199261,8,2018,338,0.0600797837039332,27.6488494873047,13.9875240325928,203.490097045898,1.95554511411926,0.114026278206792,38.8347451683005,0.00867878925055265
"6337",11.683591447301,17.493,40.16025,712.315001965078,4448.51805922023,8,2018,507.5,0.0632030116013447,27.6463623046875,14.1506671905518,208.921585083008,1.59063052666162,0.104163477632432,38.8268777867818,0.0857198238372803
"6419",9.5183853203083,17.4830833333333,41.0405,708.713757434048,4546.22349816286,7,2018,135,0.089719528527163,25.5810680389404,14.1334295272827,216.714935302734,0.743825876417491,0.0889465394366277,38.6722918679316,5.93834209442139
"6435",10.2240640305431,17.5965,40.9768333333333,718.456786305709,4539.42879444656,7,2018,110.5,0.104317423930521,25.5966987609863,14.2225179672241,216.571502685547,0.648008915691169,0.0811970570020296,38.6403705624724,6.42826890945435
"6471",7.57758910379159,18.1075833333333,40.7154166666667,762.494277395096,4511.81046349318,7,2018,113,0.132512938912041,25.6422634124756,14.5671358108521,216.36474609375,0.36783171959908,0.0509398977928527,38.46383177567,11.5422210693359
"6529",11.2871802697841,17.5396666666667,40.8805,713.988140867391,4528.59663879521,7,2018,63.5,0.170887705873008,25.7476634979248,15.2980909347534,233.019760131836,0.33515887340684,0.0240177449939734,38.0772449155967,21.8833408355713
"6531",9.90996172314011,17.4546666666667,40.9335,706.660447031087,4534.27638205329,7,2018,75,0.192147540350344,25.7171268463135,15.0614824295044,220.388977050781,0.320327862836316,0.0294080367525653,38.1529382952955,22.8695449829102
"6578",10.5631938453139,15.8750833333333,43.4331666666667,570.824974632893,4809.29461375617,6,2018,143.5,0.111716162187087,23.5603084564209,12.9231386184692,223.981216430664,0.288238356736105,0.055084853304403,38.5891614562397,6.73373317718506
"6590",9.38183647901731,15.0593333333333,42.9653333333333,504.836164331553,4756.96313753958,8,2018,212.5,0.0622299287159475,27.4493255615234,12.0981473922729,224.942687988281,0.676664692397361,0.0881441124177052,38.7592010897487,3.10125041007996
"6612",7.7894629381248,16.3321666666667,41.7853333333333,610.700865821722,4626.79641913867,7,2018,32,0.144189557398818,26.0226097106934,16.9191036224365,224.188049316406,0.726463317417105,0.0181025214108733,37.4058599225686,21.8604907989502
"6628",13.2389263763239,13.602,43.8446666666667,387.624180781992,4855.57402198948,8,2018,63.5,0.231032156033038,27.5795783996582,14.8982305526733,219.686660766602,0.39292304441113,0.059053603695716,38.5557136039047,20.6979904174805
"6657",9.95333901317832,16.72625,41.8215833333333,643.369139368278,4631.40942050866,7,2018,135,0.115716783259621,25.3253345489502,13.6362009048462,218.943786621094,0.475256507550353,0.0725410972978377,38.7349787056523,9.05433940887451
"6672",10.7184032882645,16.76175,41.9183333333333,646.088798733812,4642.2059221832,7,2018,171,0.0892688835118341,25.2843475341797,13.794921875,218.421203613281,0.653652460572421,0.079165439479023,38.7887500441683,6.52185201644897
"6690",8.18751534111245,14.6081666666667,42.6270833333333,467.872567331176,4719.48063051628,8,2018,137,0.0814681500879731,27.5551280975342,13.1755065917969,222.790328979492,0.599329184171411,0.0931570517664349,38.6937178439243,6.38324642181396
"6698",10.4818049815949,15.1603333333333,42.8138333333333,513.105174126579,4740.15039951733,8,2018,179.5,0.0710204188459952,27.468807220459,12.0693664550781,224.569946289062,0.626168037555812,0.0883208830744822,38.7490296328522,4.23612308502197
"6726",8.7917022528164,16.40625,41.39775,617.551181515635,4583.87218108352,7,2018,36,0.112589364312102,26.2010822296143,20.6896152496338,258.412170410156,1.08289197742633,0.015173775361271,37.0417838593141,17.8955001831055
"6741",11.8416258267847,17.3215,39.01,701.005995981243,4320.4503223799,8,2018,628.5,0.0603514289811451,27.8650150299072,13.7468814849854,201.753341674805,2.14217686161869,0.115804386314481,38.8255277899896,0.0147716253995895
"6744",9.38870479407043,17.3095,40.237,696.463901642859,4456.62088388822,8,2018,572,0.0548706050140057,27.6289253234863,14.035758972168,206.138259887695,1.80732069458316,0.110146919376716,38.8320771262224,0.0162450969219208
"6765",11.3190519965684,15.1065,42.3849166666667,508.766725210585,4692.5181617626,8,2018,135.5,0.0900633527509408,27.7141609191895,13.8141117095947,218.808670043945,0.586517885592932,0.0910326259774259,38.6709651286155,7.65953683853149
"6780",10.653075752512,17.3178333333333,41.1135,694.603037389676,4553.94575651786,7,2018,121.5,0.13644412465053,25.6034870147705,14.1474199295044,216.613143920898,0.48046343619637,0.0687681236222433,38.5726301045503,10.9238119125366
"6823",11.4995153943442,16.7565833333333,41.19275,647.304527186351,4561.64745009842,7,2018,42,0.22574533688693,25.930513381958,15.194281578064,224.548583984375,0.576348713003422,0.0217469246350631,37.674174237068,30.775203704834
"6899",9.15663213645336,14.01875,43.7098333333333,420.950563680256,4840.10953081587,8,2018,74.5,0.198709860501032,27.6288928985596,14.3870067596436,220.977233886719,0.350917465213211,0.0612285503476731,38.5794499561968,16.4058589935303
"6911",10.0503944363636,15.5914166666667,42.0334166666667,548.952811988032,4653.65376277843,8,2018,59.5,0.219086186497653,27.8989944458008,14.6737184524536,215.627227783203,0.424657914112093,0.0487555533888245,38.2506254824124,20.8790798187256
"6966",12.786578657508,16.7913333333333,40.1471666666667,652.580241213116,4445.63328873306,8,2018,59.5,0.0673991044113271,27.8198108673096,14.4084548950195,210.708358764648,0.957736778528897,0.0821874634997837,38.7800681971925,1.28676974773407
"7061",11.8883897718739,16.8820833333333,39.576,661.65026055456,4382.39093778001,8,2018,62,0.0502303343300022,27.9801063537598,20.136137008667,220.040634155273,0.0594047275906183,0.0144630216463045,38.5554632921634,3.92191886901855
"7073",10.9476547695154,16.8396666666667,38.8711666666667,659.597147301533,4304.09196344542,8,2018,186.5,0.134670161412462,27.9030418395996,15.0632095336914,207.571075439453,0.276823917958698,0.0405928590154618,38.6458262876076,9.67673873901367
"7117",12.5904496125731,16.8835,41.565,657.048277198964,4603.19348143767,7,2018,136,0.108822630682012,25.3917407989502,13.9664134979248,217.742065429688,0.502117252998615,0.0710309632161987,38.7327026915702,8.94830322265625
"7238",10.75952045173,16.8354166666667,41.4365,653.340418559833,4588.84022121104,7,2018,109.5,0.134002801409877,25.5194225311279,13.7435331344604,218.121429443359,0.438600183293549,0.0691518099749695,38.5740689714813,11.6687240600586
"7276",8.8554541286196,16.85725,41.3180833333333,655.451926187051,4575.73398472669,7,2018,107,0.144499159547977,25.6537017822266,13.7036399841309,218.217971801758,0.478062525973593,0.073204207362043,38.480244552459,12.5591640472412
"7350",14.7804271628126,16.8220833333333,41.1845,652.816758966249,4560.83899364009,7,2018,56,0.258351481183846,25.8669090270996,14.2842664718628,217.638595581055,0.441104650702282,0.0424847464303943,38.0203219510556,26.0085792541504
"7398",10.9373485522287,15.3555,42.2600833333333,529.321482315287,4678.71666053977,8,2018,118,0.0954286999913869,27.8251628875732,13.9676141738892,217.751663208008,0.542279609238896,0.0851547818323633,38.6223967050344,9.22127246856689
"7420",11.9853493683416,14.9274166666667,42.8836666666667,494.071345202414,4747.9025666877,8,2018,213.5,0.0612471409322388,27.4629440307617,11.9465036392212,226.124389648438,0.675637438620633,0.0871209598331891,38.7611426272805,2.73904633522034
"7479",10.0453990068918,12.7980833333333,44.7523333333333,325.710059149558,4957.79310807027,8,2018,32.5,0.306287811114493,27.9716415405273,18.5294513702393,204.001083374023,0.602485151424172,0.0836911771328472,38.5755554906701,31.3023777008057
"7555",9.9812294118738,17.4295,42.50925,699.598648851125,4709.17497790412,7,2018,271,0.0753947278224746,24.9617156982422,14.3540143966675,215.990539550781,1.10257060608994,0.0954294379551236,38.8516105678227,0.704201400279999
"7597",8.74353877642617,17.52375,42.78375,706.427971910545,4739.88451207201,7,2018,84.5,0.134908305770485,24.203332901001,15.251314163208,214.283264160156,0.320104375729313,0.0525283919377069,38.7843251322644,12.0840396881104
"7669",9.35299526893708,13.848,43.7543333333333,407.258848794072,4845.22888957872,8,2018,71,0.214269262910297,27.6302280426025,14.5377168655396,220.63655090332,0.380904572677802,0.0566774645921079,38.5325788727061,17.9225749969482
"7702",9.33503743385417,13.7528333333333,43.678,399.467270430731,4836.86573284327,8,2018,51.5,0.260828335526158,27.7646980285645,15.116530418396,217.083541870117,0.590135550425103,0.06091762476689,38.248637094213,26.6266498565674
"7778",13.3412824206842,15.1699166666667,42.9489166666667,513.859740752822,4755.1542545923,7,2018,218,0.080238782728602,25.1481781005859,12.3132514953613,225.711517333984,0.549647311610976,0.0810653840158899,38.7295578791592,3.88084411621094
"7788",9.48288356549565,15.1599166666667,42.6806666666667,513.100469886369,4725.37045910225,8,2018,160.5,0.0770963704780224,27.5441608428955,12.8466606140137,220.240707397461,0.574674507231331,0.0904513442015039,38.7341965672687,6.21291017532349
"7852",9.75412156897565,17.8121666666667,39.729,741.012702757218,4401.46167423677,8,2018,675.5,0.0575057928451387,27.8055114746094,13.7925882339478,202.014083862305,2.0489756911511,0.116430606532171,38.8216673956037,0.00541730970144272
"7866",9.52929737980434,17.7703333333333,39.8340833333333,737.06000549034,4413.01688275218,8,2018,386,0.0562798249196872,27.77756690979,13.9639463424683,204.149749755859,1.88898494007095,0.111977344793164,38.8299866501759,0.0223157852888107
"7867",11.9911586737489,17.7349166666667,39.80125,734.142056632093,4409.27135605019,8,2018,683,0.0562798249196872,27.77756690979,13.9639463424683,204.149749755859,1.88898494007095,0.111977344793164,38.8299866501759,0.0223157852888107
"7881",11.3712525019714,17.6813333333333,39.95325,729.04595813535,4426.00586992922,8,2018,517.5,0.0607752351951858,27.7639503479004,14.0077428817749,204.553405761719,1.79890571707504,0.109753497787911,38.8304044132884,0.0340709686279297
"7882",12.0782676936868,17.6591666666667,39.9291666666667,727.237300918249,4423.28507465124,8,2018,591.5,0.0607752351951858,27.7639503479004,14.0077428817749,204.553405761719,1.79890571707504,0.109753497787911,38.8304044132884,0.0340709686279297
"7944",12.6619447109487,17.7516666666667,39.8888333333333,735.281085201337,4419.0399884805,8,2018,341.5,0.0591376660854078,27.785135269165,14.2106027603149,209.314117431641,1.46219506829191,0.100027590542611,38.8182353210949,0.244449332356453
"8018",10.9500148847451,17.7883333333333,39.8660833333333,738.489656833105,4416.61714299312,8,2018,284.5,0.0622359821952009,27.8037796020508,14.3683071136475,211.386184692383,1.23498441161907,0.0932856765088892,38.8030108938774,0.627131581306458
"8070",14.6057682410976,17.8441666666667,41.0196666666667,739.144123434882,4544.84134356024,7,2018,369.5,0.0801507556946103,25.6173362731934,14.0817909240723,217.053192138672,0.961467591900569,0.0958015406993584,38.7434709066905,2.3690230846405
"8109",12.5093928074264,17.8193333333333,40.8544166666667,737.642460513564,4526.42052423867,7,2018,103,0.133311166030865,25.6158542633057,14.4334497451782,216.294876098633,0.468809603728569,0.0646785204067939,38.5533689595463,8.96151924133301
"8131",10.3241432488955,17.6729166666667,40.906,725.12583115418,4531.76216743965,7,2018,104,0.166966972619259,25.623161315918,14.6892566680908,216.488616943359,0.324588534790453,0.0465605128295485,38.3990387952336,14.6368637084961
"8142",13.1900522339475,17.8289166666667,40.7608333333333,738.787342970478,4516.05463093353,7,2018,80,0.132306617723567,25.7918090820312,16.2668437957764,229.155136108398,0.378400604850506,0.0181022442290406,37.9685482162711,15.7984180450439
"8162",13.9161699812679,12.5804166666667,44.4505833333333,307.483715135993,4924.76951292804,8,2018,26,0.36698735316937,28.1243915557861,22.1224308013916,211.047241210938,0.843956276652439,0.0574669511816322,38.0761573774897,52.7347412109375
"8183",9.25936512212934,15.68125,43.4183333333333,555.145430598294,4807.49332462957,6,2018,174.5,0.0874752309544047,23.8820266723633,12.7072629928589,224.595413208008,0.401337472382655,0.0663251743971612,38.6474852760074,4.2021017074585
"8187",15.5172710548655,15.6159166666667,43.2861666666667,549.967425871994,4792.78175844983,7,2018,164,0.0911121350196494,24.6673679351807,12.6880893707275,223.497970581055,0.451891869058819,0.0686167486496963,38.7008967282237,5.23855066299438
"8200",7.09989345469577,13.74775,43.8356666666667,399.329011143321,4854.38663680671,8,2018,71,0.225056015749377,27.6049537658691,14.7195539474487,219.166320800781,0.414663919499513,0.0600461085577893,38.54104006538,20.0942497253418
"8203",11.2519973447051,16.6700833333333,38.3355833333333,645.964393510824,4244.37133109799,8,2018,606.5,0.0662728622353837,28.0791702270508,13.7360744476318,201.901779174805,2.18070683873044,0.117598729645753,38.8218378209871,0.00487319892272353
"8212",11.7055465653867,16.67525,38.4833333333333,646.112343321343,4260.76978704855,8,2018,227,0.0723232423569279,27.9801864624023,14.5000152587891,205.71565246582,1.31061146298373,0.0896300525405923,38.7557591841714,0.791666150093079
"8241",10.4690886527961,13.2378333333333,43.9130833333333,358.510251381976,4863.73045876384,8,2018,31,0.274585735191645,27.8565368652344,16.4947700500488,225.456787109375,0.603115239680521,0.0374494241510051,38.0612346197548,36.0323104858398
"8368",5.33612185991584,16.4960833333333,42.1065,623.698070932135,4662.68390897299,8,2018,134,0.0929580111647379,27.871187210083,13.336217880249,217.96403503418,0.567647639854739,0.0875130605279609,38.6621643027175,7.85023260116577
"8378",9.14590737408882,16.3430833333333,42.00375,611.226986859321,4651.05950085142,8,2018,88,0.189931669929238,27.9657154083252,14.1951360702515,219.403060913086,0.269629134684823,0.0414494711045108,38.4088229378945,15.9189176559448
"8404",9.88353665183886,14.7568333333333,42.4085833333333,479.988113237587,4695.17287936126,8,2018,102.5,0.124479623075212,27.6283798217773,14.3031301498413,217.158020019531,0.562570741751803,0.0907362023935877,38.5816269398976,11.9806261062622
"8415",8.78670659286443,14.8620833333333,42.4440833333333,488.65920201994,4699.09526453738,8,2018,131.5,0.0954592630289576,27.633129119873,13.9216041564941,219.478958129883,0.615384185693534,0.0961915408009582,38.6449556464502,7.63621807098389
"8466",9.76648178813593,15.893,42.0139166666667,573.940356151998,4651.70520755223,8,2018,27.5,0.0982929400475532,28.113525390625,26.2708702087402,197.118179321289,1.05880428727198,0.0118370606617172,37.3306446173489,9.7527322769165
"8474",11.539038961893,12.7215,44.3488333333333,318.395721021284,4913.13930172075,8,2018,31,0.328421226984296,27.8437595367432,17.6894550323486,213.607818603516,0.25106010013046,0.052854999591628,38.5733983429005,35.6300315856934
"8481",8.7324168936137,12.7926666666667,44.2235833333333,323.696405059919,4899.07727320551,8,2018,30,0.308550452157843,27.8830947875977,17.459171295166,216.530364990234,0.421697596711074,0.0502356773563354,38.4623655376195,37.2979125976562
"8561",6.07340014673339,15.30925,43.0609166666667,525.177486172339,4767.62405879929,7,2018,216,0.0753717733285189,25.0663776397705,12.271858215332,225.52766418457,0.565118804723109,0.07969037420562,38.749696604625,3.86815810203552
"8578",8.62386495295435,15.3073333333333,43.1385,524.991192753492,4776.24099764354,7,2018,189,0.0834041725794272,25.0293750762939,12.2827768325806,225.570159912109,0.541893972988032,0.076295884583002,38.7582955775849,3.9414210319519
"8595",10.5952837894408,14.919,42.49625,493.344150714742,4704.88541547296,8,2018,155,0.0709992587816647,27.6005840301514,12.6318302154541,222.550735473633,0.646825850512407,0.0967715779071235,38.7074361697288,5.06154870986938
"8597",10.9673002391299,15.4576666666667,43.24225,537.159532224661,4787.8129481644,7,2018,180.5,0.0897657542454002,24.8398323059082,12.5466995239258,224.906814575195,0.512190145464916,0.072528430549007,38.7475022907437,3.63821983337402
"8641",9.75693201485243,15.4075833333333,43.0375833333333,533.202558620883,4765.07082787336,7,2018,187.5,0.101375427528035,24.9808158874512,12.6197032928467,224.446243286133,0.454949084166946,0.0686082502489694,38.7512872881783,7.25916147232056
"8653",11.6479035522874,17.7593333333333,42.6295833333333,726.259590279602,4723.37516644688,7,2018,137.5,0.113010490300101,24.4855251312256,15.2163553237915,214.859588623047,0.53444813447468,0.0647081858493559,38.8171603318773,6.85759830474854
"8656",8.87316709469674,15.527,43.1379166666667,542.858755449246,4776.26331552365,7,2018,147,0.114900224224003,24.8907871246338,13.6263198852539,222.12109375,0.404637592267522,0.0625320576133519,38.7670202221013,7.71790933609009
"8678",11.7391606800226,18.00325,40.7820833333333,753.420924050766,4518.90890326598,7,2018,108.5,0.129476714341054,25.6220684051514,14.4094152450562,216.493072509766,0.478989233179586,0.0635227587967202,38.5745537779791,8.49856758117676
"8738",11.6372005820104,16.7300833333333,38.391,651.093423289735,4250.61565593505,8,2018,545,0.068258035252471,28.0535545349121,13.9601402282715,203.403045654297,1.97909823844129,0.111490186268489,38.8212095868319,0.033430814743042
"8750",7.78813417615896,16.6938333333333,38.3775,647.95055676877,4249.05870706144,8,2018,531.5,0.067172877745187,28.0401000976562,14.1679439544678,204.262710571289,1.74099271011789,0.104327687066253,38.8062880563718,0.147160440683365
"8751",12.0062632829438,16.6989166666667,38.3728333333333,648.405666931989,4248.54533712781,8,2018,553,0.067172877745187,28.0401000976562,14.1679439544678,204.262710571289,1.74099271011789,0.104327687066253,38.8062880563718,0.147160440683365
"8827",10.9993302060605,16.7426666666667,41.60625,645.215162731359,4607.53232006604,7,2018,107.5,0.138317715124212,25.4010200500488,13.7133455276489,218.163024902344,0.398096629900754,0.0672098502013081,38.6452445606759,12.2065677642822
"8886",7.57647304520439,16.4984166666667,41.49925,625.063920544208,4595.25912872936,7,2018,68,0.254615150923091,25.7494487762451,13.9638729095459,217.104187011719,0.400326880079091,0.0502460161954303,38.074239364363,26.1378574371338
"8905",8.23002133492487,16.49775,42.0169166666667,624.012901551547,4652.73772477496,8,2018,121,0.103877629980625,27.9449787139893,13.4236440658569,217.777420043945,0.520166225184138,0.0899873459055206,38.5995063325612,9.54596519470215
"8927",8.72914251872537,16.6964166666667,41.6989166666667,641.154584182871,4617.73659189807,7,2018,104.5,0.143750977032172,25.4186954498291,13.5468320846558,218.523040771484,0.40548098643671,0.0721727416101635,38.6021377397236,14.3448657989502
"8941",8.85407982371138,16.1335,42.10075,593.72625331331,4661.57853779383,8,2018,107,0.111090444466615,27.9247512817383,13.7203187942505,215.5498046875,0.470133304087343,0.0841424061814971,38.5987016800744,10.542140007019
"8957",10.2459213828698,14.1003333333333,43.2563333333333,426.972287847442,4789.67003902289,8,2018,60,0.232722533537287,27.6770572662354,14.527551651001,218.93212890625,0.370855304201835,0.0623007189536588,38.504749308638,21.2472553253174
"9056",9.81815550815829,16.639,38.3301666666667,643.256757555237,4243.72339633811,8,2018,538.5,0.0643407284552835,28.0700988769531,14.1166324615479,204.164138793945,1.78097299502474,0.105828327201802,38.810397410053,0.132454693317413
"9103",12.1234515350748,16.6233333333333,39.7119166666667,639.14843042629,4397.04135487556,8,2018,312,0.0739929079080974,27.9283142089844,14.2706680297852,213.138961791992,1.15502933757721,0.0935885127542096,38.8221543104837,0.488135725259781
"9110",11.6320162774105,16.66175,38.4165,645.068511181999,4253.33556015036,8,2018,225,0.06893567747959,28.0053024291992,14.4726314544678,205.741271972656,1.36232154985818,0.0918071990329485,38.7622807207582,0.680721819400787
"9151",9.83762718322574,16.5735,39.8274166666667,634.654123616628,4409.7849899778,8,2018,114.5,0.11043838153879,27.9118041992188,14.4909315109253,213.109146118164,0.765006980527665,0.0768548023842124,38.7917076491391,3.16948103904724
"9171",10.7617048842572,16.6468333333333,39.8811666666667,640.817143851309,4415.86949736113,8,2018,149.5,0.125813996038898,27.8874053955078,14.623140335083,212.153503417969,0.621705282060058,0.068550175900282,38.7599457454456,5.33950185775757
"9198",11.2115981947528,16.5856666666667,39.8568333333333,635.640325432276,4413.06668024323,8,2018,45.5,0.0497484634980008,27.9075775146484,25.4639358520508,211.491729736328,0.0711429080532345,0.0110719124875317,38.688333056162,3.9116587638855
"9200",11.2493013811944,16.6645,39.9164166666667,642.257912894005,4419.80463258895,8,2018,55.5,0.163806192987185,27.8841171264648,15.079948425293,211.196685791016,0.152940112161115,0.0345617410757803,38.6824392062464,10.1775369644165
"9207",11.1959407785846,16.6405833333333,38.5203333333333,643.021100681884,4264.82138935205,8,2018,78,0.164630041945759,27.9693164825439,15.1784048080444,205.682434082031,0.191511029425764,0.0358678082019368,38.5207884442351,10.9288663864136
"9444",9.34496181965894,16.5243333333333,41.5891666666667,627.049383768284,4605.28915613274,7,2018,79.5,0.235410232057384,25.7458610534668,13.7578535079956,216.691497802734,0.421458832475829,0.0598508987498293,38.1481801929254,24.6253318786621
"9475",9.21291628435348,16.5588333333333,41.2974166666667,630.508536128535,4572.94394675696,7,2018,42,0.256231852558756,25.9708595275879,14.3409328460693,219.259765625,0.487090672274463,0.0395463731042534,37.8985124668524,28.9915962219238
"9515",7.98472115861951,14.4414166666667,42.5606666666667,454.146355226737,4712.18434367669,8,2018,88,0.171461623863173,27.6362915039062,14.3710041046143,216.448593139648,0.561337589920171,0.0861317881076311,38.4728392413212,16.7267227172852
"9540",12.6478696525221,14.0003333333333,43.4301666666667,419.086650360407,4809.07488137905,8,2018,53.5,0.268970185184241,27.6913681030273,15.037036895752,220.895538330078,0.436400857238688,0.0412910187554596,38.2885188570357,28.9526424407959
"9561",6.28159965678192,16.5118333333333,41.73225,625.728956190935,4621.14766653671,7,2018,83,0.19950730143454,25.684741973877,13.4234409332275,218.037628173828,0.368206102881621,0.0617688800115432,38.2813367518678,24.3476848602295
"9612",6.68321030326392,15.9979166666667,42.1215833333333,582.486601895797,4663.75928435679,8,2018,103.5,0.124794295317289,27.9070072174072,13.8566293716431,215.215438842773,0.450374712972251,0.0788491409741664,38.5604616239056,11.2041444778442
"9619",13.085655494362,14.1213333333333,43.1279166666667,428.527156586882,4775.39271878389,8,2018,65,0.237568538394798,27.6826705932617,14.471170425415,218.607727050781,0.360823614704016,0.0610608510305039,38.5182978904036,21.4508304595947
"9710",9.88011870519753,14.3010833333333,42.8711666666667,442.914862173066,4746.74881796443,8,2018,89,0.173425285246924,27.6068420410156,14.2122621536255,217.124359130859,0.440573164656207,0.0813347504614801,38.5988496028626,15.948314666748
